timestamp_utc,mark_close,high,low,effective_bid,effective_ask,effective_spread,volume,source
2026-07-28T13:30:00+00:00,9.23,9.57,9.23,9.2917,9.5214,0.2297,13,unusual_whales
2026-07-28T13:31:00+00:00,8.6,9.04,8.6,8.9523,8.6,,23,unusual_whales
2026-07-28T13:32:00+00:00,8.31,8.55,8.31,8.43,8.5,0.07,3,unusual_whales
2026-07-28T13:33:00+00:00,8.45,8.45,8.45,8.45,,,3,unusual_whales
2026-07-28T13:34:00+00:00,8.4,8.4,8.4,8.4,,,2,unusual_whales
2026-07-28T13:35:00+00:00,8.99,9.0,8.88,8.9,8.9958,0.0958,72,unusual_whales
2026-07-28T13:37:00+00:00,8.45,8.75,8.45,8.75,8.4992,,65,unusual_whales
2026-07-28T13:38:00+00:00,8.6,8.66,8.6,,8.66,,4,unusual_whales
2026-07-28T13:39:00+00:00,8.17,8.3,8.17,8.205,8.3,0.095,11,unusual_whales
2026-07-28T13:40:00+00:00,8.13,8.13,8.13,8.13,,,3,unusual_whales
2026-07-28T13:41:00+00:00,8.16,8.53,8.0,8.53,8.08,,3,unusual_whales
2026-07-28T13:42:00+00:00,7.76,7.76,7.76,7.76,,,1,unusual_whales
2026-07-28T13:43:00+00:00,7.0,7.34,7.0,7.15,,,3,unusual_whales
2026-07-28T13:44:00+00:00,7.27,7.43,7.06,7.06,7.33,0.27,37,unusual_whales
2026-07-28T13:46:00+00:00,6.8,7.1,6.8,6.8379,,,37,unusual_whales
2026-07-28T13:47:00+00:00,6.5,6.86,6.5,6.7344,6.7514,0.017,51,unusual_whales
2026-07-28T13:48:00+00:00,7.39,7.39,6.62,6.7467,7.39,0.6433,6,unusual_whales
2026-07-28T13:49:00+00:00,7.69,7.78,7.44,7.7512,7.6168,,89,unusual_whales
2026-07-28T13:50:00+00:00,7.99,8.19,7.99,8.19,7.9967,,9,unusual_whales
2026-07-28T13:51:00+00:00,7.48,7.65,7.43,,7.5234,,35,unusual_whales
2026-07-28T13:52:00+00:00,8.07,8.07,7.65,8.07,7.65,,10,unusual_whales
2026-07-28T13:53:00+00:00,7.2,7.2,7.2,,7.2,,8,unusual_whales
2026-07-28T13:55:00+00:00,7.13,7.18,7.13,,7.155,,2,unusual_whales
2026-07-28T13:56:00+00:00,7.36,7.36,7.0,7.0086,7.12,0.1114,27,unusual_whales
2026-07-28T13:58:00+00:00,6.79,6.79,6.79,,6.79,,1,unusual_whales
2026-07-28T13:59:00+00:00,6.98,6.98,6.65,6.8989,6.6627,,45,unusual_whales
2026-07-28T14:00:00+00:00,7.62,7.65,7.28,7.3329,7.5233,0.1904,45,unusual_whales
2026-07-28T14:01:00+00:00,7.44,7.76,7.44,7.6,7.44,,6,unusual_whales
2026-07-28T14:02:00+00:00,7.75,7.91,7.75,7.8177,7.8,,20,unusual_whales
2026-07-28T14:04:00+00:00,7.59,7.59,7.5,7.5,,,4,unusual_whales
2026-07-28T14:05:00+00:00,8.03,8.03,8.0,8.025,8.0,,6,unusual_whales
2026-07-28T14:07:00+00:00,7.89,8.27,7.85,7.85,8.27,0.42,8,unusual_whales
2026-07-28T14:08:00+00:00,7.37,7.37,7.24,7.2433,7.325,0.0817,23,unusual_whales
2026-07-28T14:09:00+00:00,7.61,7.61,7.61,7.61,,,1,unusual_whales
2026-07-28T14:10:00+00:00,7.35,7.35,7.35,,7.35,,2,unusual_whales
2026-07-28T14:11:00+00:00,7.62,7.71,7.62,7.62,7.68,0.06,14,unusual_whales
2026-07-28T14:12:00+00:00,7.23,7.84,7.23,7.4383,7.84,0.4017,17,unusual_whales
2026-07-28T14:14:00+00:00,6.7,6.78,6.7,,6.7383,,6,unusual_whales
2026-07-28T14:15:00+00:00,7.32,7.33,7.14,7.2225,7.2196,,37,unusual_whales
2026-07-28T14:16:00+00:00,6.84,7.33,6.84,7.085,7.29,0.205,26,unusual_whales
2026-07-28T14:17:00+00:00,6.92,7.01,6.91,7.01,6.9191,,125,unusual_whales
2026-07-28T14:18:00+00:00,7.19,7.19,6.93,,7.0242,,22,unusual_whales
2026-07-28T14:19:00+00:00,6.95,7.09,6.91,6.95,7.0675,0.1175,18,unusual_whales
2026-07-28T14:20:00+00:00,6.91,7.06,6.91,7.06,6.9624,,22,unusual_whales
2026-07-28T14:21:00+00:00,6.74,6.74,6.74,,6.74,,5,unusual_whales
2026-07-28T14:23:00+00:00,7.53,7.53,7.5,7.53,7.5,,4,unusual_whales
2026-07-28T14:24:00+00:00,7.61,7.93,7.61,7.8586,7.6729,,14,unusual_whales
2026-07-28T14:25:00+00:00,7.48,7.5,7.37,7.4821,,,240,unusual_whales
2026-07-28T14:26:00+00:00,7.57,7.72,7.48,7.72,7.495,,7,unusual_whales
2026-07-28T14:27:00+00:00,7.52,7.52,7.52,7.52,,,1,unusual_whales
2026-07-28T14:28:00+00:00,7.64,7.64,7.64,,7.64,,1,unusual_whales
2026-07-28T14:29:00+00:00,7.8,7.8,7.8,,7.8,,5,unusual_whales
2026-07-28T14:30:00+00:00,7.72,8.1,7.72,8.0255,8.05,0.0245,38,unusual_whales
2026-07-28T14:31:00+00:00,7.96,7.96,7.96,7.96,,,1,unusual_whales
2026-07-28T14:32:00+00:00,7.7,8.0,7.7,7.88,7.9,0.02,4,unusual_whales
2026-07-28T14:33:00+00:00,7.74,7.74,7.74,7.74,,,1,unusual_whales
2026-07-28T14:34:00+00:00,7.5,8.0,7.5,7.7567,7.9,0.1433,14,unusual_whales
2026-07-28T14:35:00+00:00,7.87,7.87,7.35,7.35,7.685,0.335,3,unusual_whales
2026-07-28T14:36:00+00:00,8.46,8.46,8.25,8.46,8.3046,,16,unusual_whales
2026-07-28T14:37:00+00:00,8.36,8.65,8.36,8.36,8.65,0.29,3,unusual_whales
2026-07-28T14:38:00+00:00,8.13,8.13,8.13,8.13,8.13,0.0,10,unusual_whales
2026-07-28T14:39:00+00:00,7.75,7.75,7.63,,7.63,,6,unusual_whales
2026-07-28T14:40:00+00:00,7.94,7.94,7.58,7.68,7.725,0.045,6,unusual_whales
2026-07-28T14:41:00+00:00,8.46,8.46,8.4,,8.43,,2,unusual_whales
2026-07-28T14:42:00+00:00,8.2,8.42,8.2,8.25,8.3467,0.0967,5,unusual_whales
2026-07-28T14:43:00+00:00,8.55,8.59,8.5,8.53,8.5,,22,unusual_whales
2026-07-28T14:44:00+00:00,8.56,8.56,8.54,8.56,,,2,unusual_whales
2026-07-28T14:45:00+00:00,8.03,8.56,8.03,8.23,8.0782,,15,unusual_whales
2026-07-28T14:47:00+00:00,8.81,8.81,8.43,8.81,8.745,,65,unusual_whales
2026-07-28T14:48:00+00:00,9.1,9.1,9.1,9.1,,,1,unusual_whales
2026-07-28T14:49:00+00:00,9.37,9.37,9.27,,9.3233,,3,unusual_whales
2026-07-28T14:50:00+00:00,9.4,9.51,9.33,,9.4567,,6,unusual_whales
2026-07-28T14:51:00+00:00,9.76,9.76,9.69,9.76,9.69,,12,unusual_whales
2026-07-28T14:52:00+00:00,9.25,9.3,9.25,,9.3,,12,unusual_whales
2026-07-28T14:53:00+00:00,9.57,9.57,9.57,,9.57,,26,unusual_whales
2026-07-28T14:55:00+00:00,9.67,9.75,9.67,9.7214,9.71,,12,unusual_whales
2026-07-28T14:57:00+00:00,9.1,9.1,9.1,9.1,,,2,unusual_whales
2026-07-28T15:00:00+00:00,9.07,9.07,8.75,,9.07,,5,unusual_whales
2026-07-28T15:03:00+00:00,8.5,8.5,8.5,8.5,,,63,unusual_whales
2026-07-28T15:06:00+00:00,8.83,8.83,8.83,8.83,,,1,unusual_whales
2026-07-28T15:08:00+00:00,8.4,8.4,8.4,8.4,,,10,unusual_whales
2026-07-28T15:09:00+00:00,8.63,8.63,8.59,8.59,8.63,0.04,7,unusual_whales
2026-07-28T15:10:00+00:00,8.68,9.28,8.68,8.7,8.8535,0.1535,36,unusual_whales
2026-07-28T15:12:00+00:00,9.28,9.28,8.9,8.9,9.13,0.23,3,unusual_whales
2026-07-28T15:13:00+00:00,9.36,9.36,9.25,9.295,9.352,0.057,7,unusual_whales
2026-07-28T15:14:00+00:00,9.72,9.72,9.72,,9.72,,1,unusual_whales
2026-07-28T15:15:00+00:00,9.33,9.35,9.25,9.3,,,3,unusual_whales
2026-07-28T15:16:00+00:00,9.78,9.78,9.63,9.63,9.78,0.15,3,unusual_whales
2026-07-28T15:17:00+00:00,9.45,9.48,9.45,9.48,9.45,,2,unusual_whales
2026-07-28T15:18:00+00:00,10.38,10.5,10.0,10.19,10.0556,,11,unusual_whales
2026-07-28T15:20:00+00:00,11.05,11.05,10.7,10.8167,11.0,0.1833,5,unusual_whales
2026-07-28T15:21:00+00:00,10.99,10.99,10.99,,10.99,,2,unusual_whales
2026-07-28T15:22:00+00:00,11.1,11.16,11.1,,11.12,,3,unusual_whales
2026-07-28T15:23:00+00:00,11.05,11.05,10.96,10.98,11.025,0.045,4,unusual_whales
2026-07-28T15:26:00+00:00,11.57,11.57,11.57,,11.57,,1,unusual_whales
2026-07-28T15:29:00+00:00,11.11,11.3,11.11,,11.2367,,3,unusual_whales
2026-07-28T15:30:00+00:00,11.32,11.32,11.32,,11.32,,2,unusual_whales
2026-07-28T15:36:00+00:00,11.71,11.71,11.65,11.7,,,6,unusual_whales
2026-07-28T15:37:00+00:00,11.71,11.71,11.71,,11.71,,1,unusual_whales
2026-07-28T15:46:00+00:00,12.25,12.25,12.18,,12.215,,2,unusual_whales
2026-07-28T15:53:00+00:00,12.16,12.16,12.16,12.16,,,5,unusual_whales
2026-07-28T16:04:00+00:00,12.0,12.0,12.0,12.0,,,1,unusual_whales
2026-07-28T16:32:00+00:00,11.1,11.1,11.1,,11.1,,1,unusual_whales
2026-07-28T17:20:00+00:00,11.79,11.79,11.42,,11.4606,,16,unusual_whales
2026-07-28T17:22:00+00:00,11.71,11.71,11.71,,11.71,,1,unusual_whales
2026-07-28T17:28:00+00:00,11.56,11.56,11.56,11.56,,,1,unusual_whales
2026-07-28T17:35:00+00:00,11.85,11.85,11.85,,11.85,,1,unusual_whales
2026-07-28T17:47:00+00:00,10.75,10.75,10.75,10.75,,,6,unusual_whales
2026-07-28T17:49:00+00:00,11.11,11.11,11.11,11.11,,,6,unusual_whales
2026-07-28T17:54:00+00:00,10.79,10.79,10.79,10.79,,,10,unusual_whales
2026-07-28T17:58:00+00:00,10.85,10.85,10.85,10.85,,,6,unusual_whales
2026-07-28T17:59:00+00:00,11.12,11.12,11.12,,11.12,,6,unusual_whales
2026-07-28T18:30:00+00:00,10.64,10.64,10.61,,10.625,,12,unusual_whales
2026-07-28T18:32:00+00:00,10.63,10.63,10.63,10.63,,,1,unusual_whales
2026-07-28T18:42:00+00:00,10.58,10.58,10.58,10.58,,,1,unusual_whales
2026-07-28T19:35:00+00:00,11.52,11.52,11.52,11.52,,,4,unusual_whales
2026-07-28T19:45:00+00:00,11.28,11.28,11.28,,11.28,,1,unusual_whales
2026-07-28T19:48:00+00:00,11.15,11.15,11.15,,11.15,,2,unusual_whales
2026-07-28T19:59:00+00:00,10.79,10.79,10.79,10.79,,,1,unusual_whales
2026-07-28T20:00:00+00:00,10.73,10.88,10.73,10.8328,10.8335,0.0007,56,unusual_whales
2026-07-28T20:01:00+00:00,10.74,10.89,10.74,,10.89,,2,unusual_whales
2026-07-28T20:05:00+00:00,10.74,10.74,10.74,,10.74,,1,unusual_whales
2026-07-28T20:11:00+00:00,10.61,10.61,10.61,10.61,,,5,unusual_whales
